Country,City,City Location,C40
1,Montreal,"(45.5086699, -73.5539925)",False
2,Manchester,"(53.4575955, -2.1578377)",False
3,Reno,"(39.5296, -119.8138)",False
3,Minneapolis,"(44.983334, -93.26667)",False
1,"London, ON","(42.9837, -81.2497)",False
4,Lausanne,"(46.5198, 6.6335)",False
3,Columbus,"(39.9611755, -82.9987942)",False
5,Nice Côte d'Azur,"(43.710173, 7.261953)",False
6,Incheon ,"(37.456256, 126.705206)",False
3,Chicago,"(41.8781136, -87.6297982)",True
7,Melbourne,"(-37.814107, 144.96328)",True
8,Aarhus Kommune,"(56.168393, 10.137373)",False
3,"Richmond, VA","(37.540725, -77.436048)",False
3,Las Vegas,"(36.1699412, -115.1398296)",False
3,New York City,"(40.7127837, -74.0059413)",True
9,Warsaw,"(52.2296756, 21.0122287)",True
1,Toronto,"(43.653226, -79.3831843)",True
2,Birmingham,"(52.480174, -1.902907)",False
2,Cardiff,"(51.481581, -3.17909)",False
10,Curitiba,"(-25.431063, -49.264693)",True
11,Cape Town,"(-33.9253, 18.4239)",True
1,Edmonton,"(53.544389, -113.4909267)",False
3,District of Columbia,"(38.9071923, -77.0368707)",True
4,Basel-Stadt,"(47.5619, 7.5928)",True
12,Bogor ,"(-6.597147, 106.806039)",False
13,Turku,"(60.4518126, 22.2666303)",False
3,Boston,"(42.3584308, -71.0597732)",True
3,Flagstaff,"(35.1992, -111.6311)",False
14,Rotterdam,"(51.9163716, 4.4509382)",True
10,Belo Horizonte,"(-19.916681, -43.934493)",False
15,Kaohsiung,"(22.629705, 120.343804)",False
15,New Taipei ,"(25.0111, 121.4458)",False
16,La Paz,"(-16.5, -68.15)",False
17,Región Metropolitana de Santiago,"(-33.44889, -70.669265)",True
18,Makati,"(14.559004, 121.081632)",False
5,Communauté urbaine du Grand Nancy,"(48.692054, 6.184417)",False
3,Lakewood,"(39.7047, -105.0814)",False
3,Knoxville,"(35.9606, -83.9207)",False
3,Roanoke,"(37.271, -79.9414)",False
3,Baltimore,"(39.2903848, -76.6121893)",False
3,Oakland,"(37.8044, -122.2708)",False
12,Jakarta ,"(-6.2087634, 106.845599)",True
10,Florianópolis,"(-27.5949884, -48.5481743)",False
3,Philadelphia,"(39.952335, -75.163789)",True
19,Stadt Heidelberg,"(49.398752, 8.672434)",True
10,Recife,"(-8.057838, -34.882897)",False
10,Brasília,"(-15.794229, -47.882166)",False
3,"University City, MO","(38.6682, -90.3325)",False
20,Vilnius ,"(54.687156, 25.279651)",False
3,San Diego,"(32.718146, -117.1701)",False
21,Faro,"(37.019355, -7.93044)",False
22,Santiago de Guayaquil,"(-2.170998, -79.922359)",False
23,Lima,"(-12.046374, -77.042793)",True
14,Amsterdam,"(52.370216, 4.895168)",True
2,London ,"(51.504858, -0.078689)",True
3,Dallas,"(32.7801399, -96.8004511)",False
24,Zaragoza,"(41.608629, -0.887012)",False
8,Hoeje-Taastrup Kommune,"(55.656328, 12.2898)",False
3,Albany,"(42.6526, -73.7562)",False
10,Palmas,"(-10.249091, -48.324286)",False
25,Oslo,"(59.9138688, 10.7522454)",True
26,Venezia,"(45.4332515, 12.3210704)",True
1,North Vancouver,"(49.32699, -123.07328)",False
1,"Ajax, ON","(43.850855, -79.020373)",False
3,Seattle,"(47.6062095, -122.3320708)",True
6,Seoul ,"(37.566535, 126.9779692)",True
27,Mexico City,"(19.4326077, -99.133208)",True
13,Helsinki,"(60.1733244, 24.9410248)",False
28,Addis Ababa,"(9.028874, 38.754366)",True
10,Rio de Janeiro,"(-22.9054389, -43.5614471)",True
29,Dublin,"(53.344479, -6.270843)",False
19,Landeshauptstadt Magdeburg,"(52.08889, 11.586164)",False
26,Bologna,"(44.4856087, 11.3547975)",False
21,Águeda,"(40.575302, -8.445822)",False
15,Taipei City,"(25.037525, 121.563782)",False
3,Palo Alto,"(37.4419, -122.143)",False
4,Stadt Zürich,"(47.3686498, 8.5391825)",False
7,Canberra,"(-35.3075, 149.1244)",False
3,Atlanta,"(33.7489954, -84.3879824)",False
26,Ferrara,"(44.8357395, 11.6189949)",False
1,Vancouver,"(49.261226, -123.1139268)",True
3,Burlington,"(44.4758825, -73.212072)",False
11,Johannesburg,"(-26.2041028, 28.0473051)",True
26,Torino,"(45.1006374, 7.6680046)",False
3,"Davis, CA","(38.544907, -121.740517)",False
21,Lisbon,"(38.7222524, -9.1393366)",False
21,Barreiro,"(38.660815, -9.079072)",False
26,Genova,"(44.347961, 9.318415)",False
3,Indianapolis,"(39.767625, -86.178469)",False
3,Abington ,"(40.12408, -75.119511)",False
30,Ljubljana,"(46.056947, 14.505751)",False
26,Ravenna,"(41.913028, 12.518037)",False
19,Hamburg,"(53.5510846, 9.9936818)",False
31,Buenos Aires,"(-34.6037232, -58.3815931)",True
2,Bournemouth,"(50.719164, -1.880769)",False
21,Porto,"(41.1579438, -8.6291053)",False
32,Tokyo,"(35.6896342, 139.6921007)",True
33,Bogotá ,"(4.598056, -74.075833)",True
27,San Luis Potosí,"(22.173333, -100.97005)",False
11,Pretoria - Tshwane,"(-25.746111, 28.188056)",True
3,Denver,"(39.737567, -104.9847179)",False
3,Iowa ,"(41.6611, -91.5302)",False
8,Copenhagen,"(55.6760968, 12.5683371)",True
26,Roma ,"(41.8723889, 12.4801802)",True
3,Nashville and Davidson ,"(36.1627, -86.7816)",False
10,Goiânia,"(-16.6868912, -49.2647943)",False
26,Piacenza,"(45.0519969, 9.6926451)",False
34,Stockholm,"(59.3293235, 18.0685808)",True
21,Moita,"(41.30284, -8.65731)",False
3,Cleveland,"(41.49932, -81.6943605)",False
10,Sorocaba,"(-23.4774899, -47.4220615)",False
1,Calgary,"(51.048615, -114.070846)",False
3,Boulder,"(40.0274, -105.2519)",False
1,City of Winnipeg,"(49.8997541, -97.1374937)",False
21,Cascais,"(38.6970565, -9.4222945)",False
7,Sydney,"(-33.8674869, 151.2069902)",True
3,"Arlington, VA","(37.226486, -76.002594)",False
3,San Francisco,"(37.7749295, -122.4194155)",True
3,Eugene,"(44.0519, -123.0867)",False
35,Auckland ,"(-36.815328, 174.741788)",True
1,Hamilton,"(43.250021, -79.866091)",False
3,Los Altos Hills,"(37.3797, -122.1375)",False
3,St Louis,"(38.6270025, -90.1994042)",False
26,Milano,"(45.802578, 9.086356)",True
3,Yonkers,"(40.9414, -73.8644)",False
36,Reykjavík,"(64.12652, -21.81744)",False
37,Hong Kong,"(22.2880809, 114.1398015)",True
38,Alcaldía Metropolitana de Caracas,"(10.4696404, -66.8037185)",True
3,Blacksburg,"(37.2296, -80.4139)",False
13,Lahti,"(60.9833, 25.65)",False
32,Yokohama,"(35.4437078, 139.6380256)",True
32,Nagoya,"(35.181446, 136.906398)",False
32,Hiroshima,"(34.385203, 132.455293)",False
7,Adelaide,"(-34.928499, 138.600746)",False
39,Bornova ,"(35.2141598, 33.2947541)",False
3,Benicia,"(38.049365, -122.1585777)",False
3,Detroit,"(42.331427, -83.0457538)",False
5,Paris,"(48.856614, 2.3522219)",True
6,Suwon ,"(37.2635727, 127.0286009)",False
15,Taoyuan ,"(24.993628, 121.30098)",False
8,City of Ærøskøbing,"(54.891456, 10.404684)",False
3,"Lancaster, PA","(40.037875, -76.305514)",False
3,Los Angeles,"(34.0522342, -118.2436849)",True
3,"Portland, OR","(45.52, -122.6819)",True
11,Durban,"(-29.8586804, 31.0218404)",True
10,Guaratinguetá,"(-22.808027, -45.19422)",False
3,New Orleans,"(29.9511, -90.0715)",True
33,Santiago de Cali,"(3.451647, -76.531985)",False
3,San Antonio,"(29.4241, -98.4936)",False
3,Savannah,"(32.0835, -81.0998)",False
3,"Piedmont, CA","(37.8244, -122.2316)",False
3,West Hollywood,"(34.09, -118.3617)",False
3,Pittsburgh,"(40.4406248, -79.9958864)",False
3,"Alton, IL","(38.890604, -90.184276)",False
3,"Lake Forest, IL","(42.258634, -87.840625)",False
3,Santa Monica,"(34.0219, -118.4814)",False
3,Austin,"(30.2672, -97.7431)",True
3,"Somerville, MA","(42.393449, -71.082647)",False
3,Tucson,"(32.2217, -110.9265)",False
32,Okayama,"(34.655146, 133.919502)",False
18,Batangas,"(13.756465, 121.058308)",False
40,Amman ,"(31.945367, 35.928372)",True
3,"Brisbane, CA","(37.6808, -122.4)",False
21,Santarém,"(39.236669, -8.685994)",False
21,Torres Vedras ,"(38.763669, -9.30148)",False
24,Madrid,"(40.1076253, -3.3875673)",True
8,Hjørring,"(57.456779, 9.995764)",False
15,Yilan ,"(24.702107, 121.73775)",False
35,Wellington,"(26.661763, -80.268357)",False
3,Hayward,"(37.6689, -122.0808)",False
10,Salvador,"(-12.97304, -38.502304)",True
3,Aspen and Pitkin County,"(39.195, -106.837)",False
3,Durham,"(35.994, -78.8986)",False
1,Windsor,"(42.314937, -83.036363)",False
15,Pingtung ,"(22.551976, 120.54876)",False
3,"Hermosa Beach, CA","(33.8622, -118.3995)",False
26,Udine,"(46.0667, 13.2333)",False
10,Porto Alegre,"(-3.672722, -45.3831)",False
3,"Emeryville, CA","(37.831316, -122.285247)",False
2,Leicester,"(52.6333, -1.1333)",False
39,Kadiovacik,"(38.3434574, 26.553613)",False
41,Athens,"(37.98381, 23.727539)",True
8,Gladsaxe Kommune,"(55.733461, 12.488686)",False
3,Houston,"(29.7601927, -95.3693896)",True
42,Lagos,"(6.524379, 3.379206)",True
1,Peterborough,"(44.309058, -78.319747)",False
22,Distrito Metropolitano de Quito,"(-0.2333, -78.5167)",True
11,Nelson Mandela Bay ,"(-33.745241, 25.568108)",False
3,"Denton, TX","(33.214841, -97.133068)",False
15,Tainan ,"(22.9999, 120.2269)",False
3,Rochester,"(43.161, -77.6109)",False
3,Greensboro,"(36.072635, -79.791975)",False
3,Brownsville,"(25.9017, -97.4975)",False
1,Winnipeg,"(49.8997541, -97.1374937)",False
43,Ho Chi Minh,"(10.762622, 106.660172)",True
8,Middelfart,"(55.470958, 9.872643)",False
3,Fort Collins,"(40.5853, 105.0844)",False
3,"Portland, ME","(43.6615, -70.2553)",False
27,Chihuahua,"(28.636857, -106.076272)",False
3,Phoenix,"(33.4484, -112.074)",False
3,Medford,"(42.3265, -122.8756)",False
7,Hobart,"(-42.890054, 147.281446)",False
8,Hoeje-Taastrup,"(55.656328, 12.2898)",False
3,Cincinnati,"(39.1031, -84.512)",False
15,Taichung,"(24.161859, 120.646967)",False
26,Firenze,"(43.7696, 11.2558)",False
3,Salt Lake City,"(40.7608, -111.891)",False
15,Taoyuan,"(24.993113, 121.301028)",False
1,Saskatoon,"(52.133214, -106.670046)",False
10,Niterói,"(-22.892857, -43.118381)",False
17,Santiago,"(-33.44889, -70.669265)",True
3,"Washington, DC","(38.9071923, -77.0368707)",True
33,Tulua,"(4.08618, -76.19793)",False
39,Istanbul ,"(41.0082, 28.9784)",True
27,León de los Aldamas,"(21.122062, -101.683659)",False
3,"Easton, PA","(40.6884, -75.2207)",False
3,"Fayetteville, AR","(36.082156, -94.171854)",False
10,Porto Velho,"(-20.333764, -40.377582)",False
7,Byron Shire,"(-28.6534, 153.5334)",False
3,"Saint Paul, MN","(44.953703, -93.089958)",False
13,Espoo,"(60.205491, 24.6559)",False
44,Iskandar ,"(5.714476, 100.992084)",False
15,Taipei,"(25.037525, 121.563782)",False
45,Tel Aviv-Yafo ,"(32.081604, 34.782285)",False
46,Moscow ,"(55.755826, 37.6173)",True
27,Mérida,"(20.96737, -89.592586)",False
3,Providence,"(41.824, -71.4128)",False
47,Abasan Al-Kabira,"(31.323126, 34.344025)",False
48,Stara Zagora,"(42.425777, 25.634464)",False
8,Gladsaxe,"(55.733461, 12.488686)",False
24,Barcelona,"(41.382271, 2.177506)",True
49,Tirana,"(41.327546, 19.818698)",False
21,Guimarães,"(41.444266, -8.292241)",False
3,Cambridge,"(45.601, -93.327333)",False
23,San Isidro (Lima),"(-12.09772, -77.027336)",False
42,Ibadan,"(7.377535, 3.94704)",False
19,Heidelberg,"(49.398752, 8.672434)",True
3,"Santa Cruz, CA","(36.974117, -122.030796)",False
1,"St Catharines, ON","(43.1594, -79.2469)",False
4,Nyon,"(46.383268, 6.234785)",False
3,West Palm Beach,"(26.715342, -80.053375)",False
1,Salaberry-de-Valleyfield,"(45.250091, -74.133086)",False
8,Aarhus,"(56.168393, 10.137373)",False
3,"San Leandro, CA","(37.72493, -122.156077)",False
22,Quito,"(-0.2333, -78.5167)",True
3,"Tempe, AZ","(33.42551, -111.940005)",False
3,"Charlottesville, VA","(38.0293, -78.4767)",False
31,Rio Grande,"(-53.786, -67.7002)",False
19,Mannheim,"(49.487459, 8.466039)",False
8,Sonderborg,"(54.913811, 9.792178)",False
14,Groningen,"(53.232386, 6.551335)",False
50,Singapore ,"(1.352083, 103.819836)",True
8,Egedal,"(55.795045, 12.238733)",False
18,Parañaque,"(14.479309, 121.019823)",False
21,Fafe,"(41.4508217, -8.1728619)",False
8,Elsinore,"(56.0308, 12.5921)",False
9,Wroclaw,"(51.107885, 17.038538)",False
3,Lancaster,"(40.0379, -76.3055)",False
3,"Columbia, SC","(34.0007, -81.0348)",False
3,Cupertino,"(37.322998, -122.032182)",False
19,Magdeburg,"(52.1205, 11.6276)",False
38,Caracas,"(10.4696404, -66.8037185)",True
10,Vitória,"(-20.333764, -40.377582)",False
10,Betim,"(-19.967308, -44.20119)",False
3,Ann Arbor,"(42.2808, -83.743)",False
51,Moroni,"(-11.717216, 43.247315)",False
8,Ærøskøbing,"(54.891456, 10.404684)",False
3,"Columbia, MO","(38.951705, -92.334072)",False
52,Gibraltar,"(36.1407734, -5.3535994)",False
8,Hvidovre,"(55.642522, 12.475386)",False
15,Yilan County,"(24.730918, 121.763222)",False
25,Bærum,"(59.920545, 10.593765)",False
1,Ottawa,"(45.42153, -75.697193)",False
33,Ibagué,"(4.448517, -75.239965)",False
4,Zürich,"(47.3686498, 8.5391825)",False
5,Nancy,"(48.692054, 6.184417)",False
3,"Miami Beach, FL","_
(25.790654, -80.130045)",False
31,Córdoba,"(-31.4201, -64.1888)",False
10,Extrema,"(-22.840262, -46.328)",False
26,Napoli,"(40.8419943, 14.2513831)",False
8,Egedal Municipality,"(55.795045, 12.238733)",False
5,Amiens Métropole,"(49.894067, 2.295753)",False
24,Murcia,"(37.799013, -1.00495)",False
36,Akureyri,"(65.688492, -18.126169)",False
9,City of Wroclaw,"(51.107885, 17.038538)",False
26,Bolzano,"(46.499681, 11.356576)",False
26,Padova,"(45.406958, 11.876386)",False
21,Funchal,"(32.666933, -16.924055)",False
9,Gdańsk,"(54.352025, 18.646638)",False
2,Glasgow,"(55.859272, -4.212783)",False
8,Hørsholm Kommune,"(55.883514, 12.504924)",False
8,Sonderborg Kommune,"(54.913811, 9.792178)",False
9,Tarnów,"(50.012101, 20.985841)",False
53,Tbilisi,"(41.715138, 44.827096)",False
14,The Hague,"(52.070498, 4.3007)",False
54,Monaco,"(43.737411, 7.420816)",False
3,"Aurora, CO","(39.7294, -104.8319)",False
3,"Bellingham, WA","(48.74908, -122.478147)",False
3,Charlotte,"(35.2271, -80.8431)",False
1,Halifax,"(44.6478, -63.5714)",False
3,"Northampton, MA","(42.304845, -72.614446)",False
3,"Park City, UT","(40.6461, -111.498)",False
3,Sacramento,"(38.5816, -121.4944)",False
3,"Vail, CO","(39.6403, -106.3742)",False
6,Changwon ,"(35.154167, 126.949167)",True
6,Ansan ,"(37.321878, 126.830885)",False
7,Perth,"(56.394994, -3.430838)",False
6,Gwangyang ,"(34.940697, 127.695888)",False
6,Hongcheon ,"(37.696952, 127.888683)",False
15,Hsinchu ,"(24.8269, 121.0129)",False
6,Uljin ,"(36.993066, 129.400419)",False
26,Olbia,"(41.882316, 12.505936)",False
26,Lucca,"(43.839917, 10.617374)",False
8,Frederikshavn Kommune,"(57.442711, 10.521006)",False
55,Alba-Iulia,"(46.082337, 23.569027)",False
1,"Prince George, BC","(53.917064, -122.749669)",False
56,Bangkok ,"(13.787506, 100.710632)",True
9,Gdynia,"(54.51889, 18.530541)",False
44,Kuala Lumpur,"(3.139003, 101.686855)",True
3,Long Beach,"(33.7701, -118.1937)",False
3,Miami,"(25.7617, -80.1918)",False
57,Podgorica,"(42.43042, 19.259364)",False
3,"Richmond, CA","(37.9358, -122.3477)",False
3,"Takoma Park, MD","(38.9779, -77.0075)",False
26,Monza,"(45.831487, 9.0371)",False
26,Oristano,"(39.720664, 8.898007)",False
26,Parma,"(44.8015, 10.3279)",False
8,Fredensborg,"(55.9747, 12.4058)",False
8,Frederikshavn,"(57.442711, 10.521006)",False
8,Hørsholm,"(55.883514, 12.504924)",False
15,Hsinchu City,"(24.807345, 120.968248)",False
15,Hsinchu County,"(24.8269, 121.0129)",False
8,Lejre,"(55.6013, 11.9645)",False
23,Magdalena del Mar,"(-12.091653, -77.06705)",False
18,Cainta,"(14.5865, 121.1149)",False
21,Braga,"(41.533751, -8.438218)",False
18,Pasig,"(14.58691, 121.0614)",False
58,Riga,"(56.9496, 24.1052)",False
8,Ringkøbing-Skjern,"(56.0447, 8.5059)",False
